{
  "ep_rewards": [
    23.917444958878285,
    16.633054876886412,
    22.973814001949055,
    29.13472167888233,
    16.449346305057006,
    24.57136210021524,
    32.80009574781616,
    32.683913188197074,
    29.866816213880885,
    41.31347219075753
  ],
  "ep_losses": [
    0.0038283943653764545,
    0.005164341647347953,
    0.0059086933132718195,
    0.007606697037134086,
    0.010506495723593414,
    0.010843785047771042,
    0.010893114304083113,
    0.013330296664753773,
    0.014008740565794356,
    0.014755804589940103
  ],
  "ep_epsilons": [
    1.0,
    0.8875,
    0.775,
    0.6625,
    0.55,
    0.4375,
    0.32499999999999996,
    0.21250000000000002,
    0.1,
    0.1
  ]
}